ID,"Submitted At",Name,Phone,Pickup,Drop,"Car Type","Travel Date",Message,Status,Price
1,"2026-05-27 16:13:50","John Doe",9876543210,"Madurai Airport",Coimbatore,Sedan,,,Cancelled,
2,"2026-05-27 17:47:01",testuser3,1234567890,Coimbatore,"Chennai, Tamil Nadu, India",SUV,2026-05-27,"Pax: 1A, 0C | Luggage: 1 | Trip: One Way | ",Cancelled,
3,"2026-05-27 17:48:10",Test4,1234567890,Coimbatore,"Madurai, Tamil Nadu, India","Innova Crysta",2026-05-27,"Pax: 1A, 0C | Luggage: 1 | Trip: Round Trip | ",Completed,5000.00
4,"2026-05-27 17:49:08",Test7,1234567890,"MGR Chennai Central, Periamet, Kannappar Thidal, Chennai, Tamil Nadu, India","Poonamallee bus stand, Poonamallee - Avadi High Road, Muthu Kumaran Nagar, Poonamallee, Chennai, Tamil Nadu, India",Sedan,2026-05-27,"Pick Up/Drop",Cancelled,
5,"2026-05-27 17:49:55","test 9",1234567890,"Egmore Railway Station Executive Lounge, Gandhi Irwin Road, Egmore, Chennai, Tamil Nadu, India","Local Trip",SUV,2026-05-27,"Local Custom Package | 7 Hrs | Rs. 2600",Cancelled,
6,"2026-05-27 19:49:08","testuser 1",1234567890,"Coimbatore, Tamil Nadu, India","Chennai, Tamil Nadu, India",SUV,2026-05-27,"Pax: 4A, 2C | Luggage: 3 | Trip: One Way | Baby Seat Needed",Completed,4500.00
7,"2026-05-27 19:52:33","testuser 2",0987654321,"Poonamallee, Chennai, Tamil Nadu, India","MGR Chennai Central, Periamet, Kannappar Thidal, Chennai, Tamil Nadu, India",MUV,2026-05-29,"Pick Up/Drop",Completed,5699.00
8,"2026-05-27 19:54:48",testuser3,1234567890,"Egmore, Chennai, Tamil Nadu, India","Local Trip",Sedan,2026-06-01,"Local Custom Package | 7 Hrs | Rs. 2100",Cancelled,
9,"2026-05-27 23:39:47",Test,1234567890,"Chennai, Tamil Nadu, India","Coimbatore, Tamil Nadu, India",SUV,2026-05-27,"Pax: 1A, 0C | Luggage: 1 | Trip: Round Trip | ",Completed,2500.00
10,"2026-05-28 00:21:21","dev test user 1",1234567890,"Coimbatore, Tamil Nadu, India","Chennai, Tamil Nadu, India",Sedan,2026-06-02,"Pax: 3A, 1C | Luggage: 2 | Trip: One Way | Non AC",Completed,5000.00
11,"2026-05-28 00:22:44","dev test user 2",1234567890,"Chennai, Tamil Nadu, India","Madurai, Tamil Nadu, India","Innova Crysta",2026-05-29,"Pax: 5A, 2C | Luggage: 4+ | Trip: Round Trip | ",New,
12,"2026-05-28 00:23:42","dev test user 3",1234567890,"Egmore Railway Station Executive Lounge, Gandhi Irwin Road, Egmore, Chennai, Tamil Nadu, India","Siruseri, Tamil Nadu, India",SUV,2026-05-30,"Pick Up/Drop",Cancelled,
13,"2026-05-28 00:28:09","dev test user 4",1234567890,"MGR Railway Station, Periamet, Kannappar Thidal, Chennai, Tamil Nadu, India","Local Trip","Innova Crysta",2026-06-05,"Local Custom Package | 8 Hrs | Rs. 4000",New,
